parent_ID,number,content
201,1,Hello World
201,2,Lorem ipsum dolor sit amet
201,3,Consectetur adipiscing elit
201,4,Sed do eiusmod tempor incididunt
201,5,Ut labore et dolore magna aliqua
201,6,Ut enim ad minim veniam
201,7,Quis nostrud exercitation ullamco laboris nisi ut aliquip ex ea commodo
201,8,Duis aute irure dolor in reprehenderit in voluptate velit esse cillum dolore
201,9,Excepteur sint occaecat cupidatat non proident
201,10,Sunt in culpa qui officia deserunt mollit anim id est laborum
207,1,Hello World
251,1,Hello World
252,1,Hello World
271,1,Hello World
301,1,Hello World
301,2,Lorem ipsum dolor sit amet
301,3,Consectetur adipiscing elit
301,4,Sed do eiusmod tempor incididunt
301,5,Ut labore et dolore magna aliqua
301,6,Ut enim ad minim veniam
301,7,Quis nostrud exercitation ullamco laboris nisi ut aliquip ex ea commodo
301,8,Duis aute irure dolor in reprehenderit in voluptate velit esse cillum dolore
301,9,Excepteur sint occaecat cupidatat non proident
301,10,Sunt in culpa qui officia deserunt mollit anim id est laborum